id_lexeme	lexeme	ori_lexeme	postag	ori_postag
73781	ab	glaff	Adj	glaff
73782	ab	glaff	Nm	glaff
73783	ab irato	dimoc	Adj	dimoc
73784	ab irato	dimoc	Adv	dimoc
73785	ab-	dimoc	Prep	dimoc
73786	aba	glaff	Nm	glaff
73787	ababouiné	glaff	Adj	glaff
73788	abaca	glaff	Nm	glaff
73789	abacos	glaff	Nm	glaff
73790	abacost	glaff	Nm	glaff
73791	abacot	glaff	Nm	glaff
73792	abactérien	glaff	Adj	glaff
73793	abactériienne	dimoc	Adj	dimoc
73794	abactériémique	glaff	Adj	glaff
73795	abacule	glaff	Nm	glaff
73796	abacus	glaff	Nm	glaff
73797	abader	glaff	V	glaff
73798	abadi	glaff	Nm	glaff
73799	abadie	glaff	Nf	glaff
73800	abadis	glaff	Nm	glaff
73801	abadèche	glaff	Nf	glaff
73802	abaga	glaff	Nm	glaff
73803	abainvillois	glaff	Adj	glaff
73804	abainvillois	glaff	Nm	glaff
73805	abainvilloise	dimoc	Adj	dimoc
73806	abainvilloise	glaff	Nf	glaff
73807	abaissable	glaff	Adj	glaff
73808	abaissant	glaff	Adj	glaff
73809	abaisse	glaff	Nf	glaff
73810	abaisse-langue	glaff	Nm	glaff
73811	abaissement	demonette	Nm	demonette
73812	abaisser	demonette	V	demonette
73813	abaisseur	glaff	Adj	glaff
73814	abaisseur	demonette	Nm	demonette
73815	abaisseuse	glaff	Nf	glaff
73816	abaissé	glaff	Adj	glaff
73817	abaissée	glaff	Nf	glaff
73818	abait	glaff	Nm	glaff
73819	abajoue	glaff	Nf	glaff
73820	abajour	glaff	Nm	glaff
73821	abaknon	glaff	Adj	glaff
73822	abaknon	glaff	Nm	glaff
73823	abakwariga	glaff	Nm	glaff
73824	abaler	glaff	V	glaff
73825	abaliénation	glaff	Nf	glaff
73826	abaliéner	glaff	V	glaff
73827	abaliété	glaff	Nf	glaff
73828	abaloger	glaff	V	glaff
73829	abalone	glaff	Nm	glaff
73830	abalourdir	demonette	V	demonette
73831	abalourdissement	demonette	Nm	demonette
73832	abamectin	glaff	Nm	glaff
73833	abamectine	glaff	Nf	glaff
73834	abancourtois	glaff	Adj	glaff
73835	abancourtois	dimoc	Nm	dimoc
73836	abancourtoise	dimoc	Adj	dimoc
73837	abancourtoise	dimoc	Nf	dimoc
73838	abander	glaff	V	glaff
73839	abandogiciel	glaff	Nm	glaff
73840	abandogiciels	glawi	Nmp	glawi
73841	abandon	demonette	Nm	demonette
73842	abandonnable	glaff	Adj	glaff
73843	abandonnataire	glaff	Nf	glaff
73844	abandonnataire	glaff	Nm	glaff
73845	abandonnateur	demonette	Nm	demonette
73846	abandonnatrice	glaff	Nf	glaff
73847	abandonnement	demonette	Nm	demonette
73848	abandonner	demonette	V	demonette
73849	abandonneur	demonette	Nm	demonette
73850	abandonneuse	demonette	Nf	demonette
73851	abandonnique	glaff	Adj	glaff
73852	abandonnique	glaff	Nf	glaff
73853	abandonnique	glaff	Nm	glaff
73854	abandonnisme	dimoc	Nm	dimoc
73855	abandonné	glaff	Adj	glaff
73856	abandonné	glaff	Nm	glaff
73857	abandonware	glaff	Nm	glaff
73858	abandouner	glaff	V	glaff
73859	abanicampien	dimoc	Adj	dimoc
73860	abanicampien	dimoc	Nm	dimoc
73861	abanicampiienne	dimoc	Adj	dimoc
73862	abanicampiienne	dimoc	Nf	dimoc
73863	abannation	glaff	Nm	glaff
73864	abanuir	glaff	V	glaff
73865	abaque	glaff	Nm	glaff
73866	abar	glaff	Nm	glaff
73867	abarca	glaff	Nf	glaff
73868	abarrejadis	glaff	Nm	glaff
73869	abarticulaire	glaff	Adj	glaff
73870	abarticulation	dimoc	Nf	dimoc
73871	abasie	glaff	Nf	glaff
73872	abasique	denom	Adj	denom
73873	abasourdi	glaff	Adj	glaff
73874	abasourdir	demonette	V	demonette
73875	abasourdissant	glaff	Adj	glaff
73876	abasourdissement	demonette	Nm	demonette
73877	abat	glaff	Nm	glaff
73878	abat-carre	glaff	Nm	glaff
73879	abat-carrer	glaff	V	glaff
73880	abat-chauvée	glaff	Nf	glaff
73881	abat-faim	glaff	Nm	glaff
73882	abat-foin	glaff	Nm	glaff
73883	abat-foins	glawi	Nmp	glawi
73884	abat-jour	glaff	Nm	glaff
73885	abat-son	glaff	Nm	glaff
73886	abat-sons	dimoc	Nm	dimoc
73887	abat-sons	glawi	Nmp	glawi
73888	abat-vent	glaff	Nm	glaff
73889	abat-vents	glawi	Nmp	glawi
73890	abat-voix	glaff	Nm	glaff
73891	abatage	demonette	Nm	demonette
73892	abatant	glaff	Nm	glaff
73893	abatardissement	glaff	Nm	glaff
73894	abate	glaff	Nf	glaff
73895	abatellement	glaff	Nm	glaff
73896	abathudois	glaff	Adj	glaff
73897	abathudois	dimoc	Nm	dimoc
73898	abathudoise	dimoc	Adj	dimoc
73899	abathudoise	dimoc	Nf	dimoc
73900	abatinois	glaff	Adj	glaff
73901	abatinois	dimoc	Nm	dimoc
73902	abatinoise	dimoc	Adj	dimoc
73903	abatinoise	dimoc	Nf	dimoc
73904	abatis	glaff	Nm	glaff
73905	abatre	demonette	V	demonette
73906	abattable	glaff	Adj	glaff
73907	abattables	glawi	Nfp	glawi
73908	abattables	glawi	Nmp	glawi
73909	abattage	demonette	Nm	demonette
73910	abattant	glaff	Adj	glaff
73911	abattant	glaff	Nm	glaff
73912	abattement	demonette	Nm	demonette
73913	abatteur	demonette	Nm	demonette
73914	abatteuse	demonette	Nf	demonette
73915	abattien	glaff	Adj	glaff
73916	abattien	glaff	Nm	glaff
73917	abattiienne	dimoc	Adj	dimoc
73918	abattiienne	dimoc	Nf	dimoc
73919	abattis	glaff	Nm	glaff
73920	abattoir	glaff	Nm	glaff
73921	abattre	demonette	V	demonette
73922	abattu	glaff	Adj	glaff
73923	abatture	demonette	Nf	demonette
73924	abattée	glaff	Nf	glaff
73925	abatutois	glaff	Adj	glaff
73926	abatutois	dimoc	Nm	dimoc
73927	abatutoise	dimoc	Adj	dimoc
73928	abatutoise	dimoc	Nf	dimoc
73929	abatée	glaff	Nf	glaff
73930	abau	glaff	Nm	glaff
73931	abaucourtois	dimoc	Adj	dimoc
73932	abaucourtois	dimoc	Nm	dimoc
73933	abaucourtoise	dimoc	Adj	dimoc
73934	abaucourtoise	dimoc	Nf	dimoc
73935	abave	glaff	Nm	glaff
73936	abaxial	glaff	Adj	glaff
73937	abaya	glaff	Nf	glaff
73938	abayance	glaff	Nf	glaff
73939	abayer	glaff	V	glaff
73940	abaza	glaff	Nm	glaff
73941	abaïer	glaff	V	glaff
73942	abbanais	glaff	Adj	glaff
73943	abbanais	dimoc	Nm	dimoc
73944	abbanaise	dimoc	Adj	dimoc
73945	abbanaise	dimoc	Nf	dimoc
73946	abbarois	glaff	Adj	glaff
73947	abbarois	dimoc	Nm	dimoc
73948	abbaroise	dimoc	Adj	dimoc
73949	abbaroise	dimoc	Nf	dimoc
73950	abbasside	glaff	Adj	glaff
73951	abbatial	glaff	Adj	glaff
73952	abbatiale	glaff	Nf	glaff
73953	abbatialité	mordan	Nf	mordan
73954	abbatiat	glaff	Nm	glaff
73955	abbatien	glaff	Adj	glaff
73956	abbatien	dimoc	Nm	dimoc
73957	abbatiienne	dimoc	Adj	dimoc
73958	abbatiienne	dimoc	Nf	dimoc
73959	abbattage	demonette	Nm	demonette
73960	abbattement	demonette	Nm	demonette
73961	abbattre	demonette	V	demonette
73962	abbaye	glaff	Nf	glaff
73963	abbecourtois	glaff	Adj	glaff
73964	abbecourtois	dimoc	Nm	dimoc
73965	abbecourtoise	dimoc	Adj	dimoc
73966	abbecourtoise	glaff	Nf	glaff
73967	abbecquer	glaff	V	glaff
73968	abbenanais	glaff	Adj	glaff
73969	abbenanais	dimoc	Nm	dimoc
73970	abbenanaise	dimoc	Adj	dimoc
73971	abbenanaise	dimoc	Nf	dimoc
73972	abbesse	glaff	Nf	glaff
73973	abbevillien	glaff	Adj	glaff
73974	abbevillien	glaff	Nm	glaff
73975	abbevilliienne	dimoc	Adj	dimoc
73976	abbevilliienne	dimoc	Nf	dimoc
73977	abbevillois	glaff	Adj	glaff
73978	abbevillois	glaff	Nm	glaff
73979	abbevilloise	dimoc	Adj	dimoc
73980	abbevilloise	dimoc	Nf	dimoc
73981	abbotsfordien	dimoc	Adj	dimoc
73982	abbotsfordien	glaff	Nm	glaff
73983	abbotsfordienne	glaff	Nf	glaff
73984	abbotsfordiienne	dimoc	Adj	dimoc
73985	abbotsfordiienne	dimoc	Nf	dimoc
73986	abbé	glaff	Nm	glaff
73987	abbécher	glaff	V	glaff
73988	abbécourtois	glaff	Adj	glaff
73989	abbécourtois	glaff	Nm	glaff
73990	abbécourtoise	glaff	Nf	glaff
73991	abbéton	dimoc	Nm	dimoc
73992	abbévillois	glaff	Adj	glaff
73993	abbévillois	dimoc	Nm	dimoc
73994	abbévilloise	dimoc	Adj	dimoc
73995	abbévilloise	dimoc	Nf	dimoc
73996	abc	glaff	Nm	glaff
73997	abcd	glaff	Nm	glaff
73998	abcise	glaff	Nf	glaff
73999	abcision	glaff	Nf	glaff
74000	abcisse	glaff	Nf	glaff
74001	abcès	glaff	Nm	glaff
74002	abcédation	demonette	Nf	demonette
74003	abcéder	demonette	V	demonette
74004	abcédographie	glaff	Nf	glaff
74005	abcédé	glaff	Adj	glaff
74006	abdal	glaff	Nm	glaff
74007	abdalas	glaff	Nm	glaff
74008	abdicataire	glaff	Adj	glaff
74009	abdicataire	dimoc	Nf	dimoc
74010	abdicataire	dimoc	Nm	dimoc
74011	abdication	demonette	Nf	demonette
74012	abdiquer	demonette	V	demonette
74013	abdo	glaff	Nm	glaff
74014	abdomen	glaff	Nm	glaff
74015	abdominal	glaff	Adj	glaff
74016	abdominal	glaff	Nm	glaff
74017	abdominien	dimoc	Adj	dimoc
74018	abdominiienne	dimoc	Adj	dimoc
74019	abdomino-pelvien	dimoc	Adj	dimoc
74020	abdomino-pelviienne	dimoc	Adj	dimoc
74021	abdominoplastie	glaff	Nf	glaff
74022	abducteur	glaff	Adj	glaff
74023	abducteur	demonette	Nm	demonette
74024	abductif	glaff	Adj	glaff
74025	abduction	demonette	Nf	demonette
74026	abduire	glaff	V	glaff
74027	abdullah	glaff	Nf	glaff
74028	abdéritain	dimoc	Adj	dimoc
74029	abdéritain	dimoc	Nm	dimoc
74030	abdéritaine	dimoc	Adj	dimoc
74031	abdéritaine	dimoc	Nf	dimoc
74032	abeausir	glaff	V	glaff
74033	abecquage	demonette	Nm	demonette
74034	abecquement	demonette	Nm	demonette
74035	abecquer	demonette	V	demonette
74036	abecqueuse	demonette	Nf	demonette
74037	abeilhanais	glaff	Adj	glaff
74038	abeilhanais	glaff	Nm	glaff
74039	abeilhanaise	dimoc	Adj	dimoc
74040	abeilhanaise	glaff	Nf	glaff
74041	abeillage	glaff	Nm	glaff
74042	abeillard	glaff	Nm	glaff
74043	abeille	glaff	Nf	glaff
74044	abeille tapissière	dimoc	Nf	dimoc
74045	abeiller	glaff	Adj	glaff
74046	abeiller	glaff	Nm	glaff
74047	abeillette	dimoc	Nf	dimoc
74048	abeillier	glaff	Adj	glaff
74049	abeillier	glaff	Nm	glaff
74050	abeillon	dimoc	Nm	dimoc
74051	abeillère	dimoc	Adj	dimoc
74052	abeillère	dimoc	Nf	dimoc
74053	abeillé	glaff	Adj	glaff
74054	abelanie	glaff	Nf	glaff
74055	abelanies	glawi	Nfp	glawi
74056	abelcourtois	glaff	Adj	glaff
74057	abelcourtois	dimoc	Nm	dimoc
74058	abelcourtoise	dimoc	Adj	dimoc
74059	abelcourtoise	dimoc	Nf	dimoc
74060	abelia	glaff	Nm	glaff
74061	abelisaurus	glaff	Nm	glaff
74062	abellen	glaff	Nm	glaff
74063	abellolucien	dimoc	Adj	dimoc
74064	abellolucien	dimoc	Nm	dimoc
74065	abelloluciienne	dimoc	Adj	dimoc
74066	abelloluciienne	dimoc	Nf	dimoc
74067	abend	glaff	Nm	glaff
74068	abenevis	glaff	Nm	glaff
74069	abengourois	glaff	Adj	glaff
74070	abengourois	dimoc	Nm	dimoc
74071	abengouroise	dimoc	Adj	dimoc
74072	abengouroise	dimoc	Nf	dimoc
74073	aber	glaff	Nm	glaff
74074	abercornien	dimoc	Adj	dimoc
74075	abercornien	glaff	Nm	glaff
74076	abercornienne	glaff	Nf	glaff
74077	abercorniienne	dimoc	Adj	dimoc
74078	abercorniienne	dimoc	Nf	dimoc
74079	aberdeenois	dimoc	Adj	dimoc
74080	aberdeenois	dimoc	Nm	dimoc
74081	aberdeenoise	dimoc	Adj	dimoc
74082	aberdeenoise	dimoc	Nf	dimoc
74083	aberdonien	glaff	Adj	glaff
74084	aberdonien	glaff	Nm	glaff
74085	aberdonienne	glaff	Nf	glaff
74086	abergeage	glaff	Nm	glaff
74087	abergementais	glaff	Adj	glaff
74088	abergementais	glaff	Nm	glaff
74089	abergementaise	dimoc	Adj	dimoc
74090	abergementaise	glaff	Nf	glaff
74091	abergementier	glaff	Adj	glaff
74092	abergementier	glaff	Nm	glaff
74093	abergementière	dimoc	Adj	dimoc
74094	abergementière	glaff	Nf	glaff
74095	abergeois	glaff	Adj	glaff
74096	abergeois	dimoc	Nm	dimoc
74097	abergeoise	dimoc	Adj	dimoc
74098	abergeoise	dimoc	Nf	dimoc
74099	aberger	glaff	V	glaff
74100	abergeur	glaff	Adj	glaff
74101	abergeur	glaff	Nm	glaff
74102	abergeuse	glaff	Nf	glaff
74103	aberhavre	glaff	Nm	glaff
74104	aberhavres	glawi	Nmp	glawi
74105	aberrance	glaff	Nf	glaff
74106	aberrant	glaff	Adj	glaff
74107	aberration	demonette	Nf	demonette
74108	aberrer	demonette	V	demonette
74109	abertzale	glaff	Adj	glaff
74110	abessif	glaff	Nm	glaff
74111	abet	glaff	Nm	glaff
74112	abeurver	glaff	V	glaff
74113	abgal	glaff	Adj	glaff
74114	abgal	glaff	Nf	glaff
74115	abgal	glaff	Nm	glaff
74116	abhorrable	glaff	Adj	glaff
74117	abhorration	demonette	Nf	demonette
74118	abhorrer	demonette	V	demonette
74119	abhorré	glaff	Adj	glaff
74120	abi	glaff	Nf	glaff
74121	abiauger	glaff	V	glaff
74122	abichite	glaff	Nf	glaff
74123	abidjanais	glaff	Adj	glaff
74124	abidjanais	glaff	Nm	glaff
74125	abidjanaise	dimoc	Adj	dimoc
74126	abidjanaise	glaff	Nf	glaff
74127	abidjaniser	glaff	V	glaff
74128	abidji	glaff	Nm	glaff
74129	abies	glaff	Nm	glaff
74130	abietique	denom	Adj	denom
74131	abigar	glaff	Nf	glaff
74132	abigar	glaff	Nm	glaff
74133	abigaïl	glaff	Nf	glaff
74134	abigeat	glaff	Nm	glaff
74135	abigoti	glaff	Adj	glaff
74136	abigéat	glaff	Nm	glaff
74137	abillois	glaff	Adj	glaff
74138	abillois	dimoc	Nm	dimoc
74139	abilloise	dimoc	Adj	dimoc
74140	abilloise	glaff	Nf	glaff
74141	abimant	glaff	Adj	glaff
74142	abime	glaff	Nm	glaff
74143	abimer	glaff	V	glaff
74144	abimé	glaff	Adj	glaff
74145	abiogenèse	glaff	Nf	glaff
74146	abioglyphe	glaff	Nm	glaff
74147	abiose	glaff	Nf	glaff
74148	abiotique	glaff	Adj	glaff
74149	abismal	glaff	Adj	glaff
74150	abisser	glaff	V	glaff
74151	abitainois	dimoc	Adj	dimoc
74152	abitainois	dimoc	Nm	dimoc
74153	abitainoise	dimoc	Adj	dimoc
74154	abitainoise	dimoc	Nf	dimoc
74155	abitaouais	glaff	Nm	glaff
74156	abitibi-témiscamien	glaff	Nm	glaff
74157	abitibi-témiscamienne	glaff	Nf	glaff
74158	abitibien	glaff	Adj	glaff
74159	abitibien	glaff	Nm	glaff
74160	abitibienne	glaff	Nf	glaff
74161	abitibiienne	dimoc	Adj	dimoc
74162	abitibiienne	dimoc	Nf	dimoc
74163	abiétaie	dimoc	Nf	dimoc
74164	abiéticole	glaff	Adj	glaff
74165	abiétin	glaff	Adj	glaff
74166	abiétine	glaff	Nf	glaff
74167	abiétinique	denom	Adj	denom
74168	abiétiné	glaff	Adj	glaff
74169	abiétinée	glaff	Nf	glaff
74170	abiétinées	glaff	Nm	glaff
74171	abjacois	glaff	Adj	glaff
74172	abjacois	glaff	Nm	glaff
74173	abjacoise	dimoc	Adj	dimoc
74174	abjacoise	glaff	Nf	glaff
74175	abjad	glaff	Nm	glaff
74176	abjadique	glaff	Adj	glaff
74177	abjatois	dimoc	Adj	dimoc
74178	abjatois	dimoc	Nm	dimoc
74179	abjatoise	dimoc	Adj	dimoc
74180	abjatoise	dimoc	Nf	dimoc
74181	abject	glaff	Adj	glaff
74182	abjection	glaff	Nf	glaff
74183	abjectiser	glaff	V	glaff
74184	abjectitude	mordan	Nf	mordan
74185	abjurateur	glaff	Adj	glaff
74186	abjurateur	lexeur	Nm	lexeur
74187	abjuration	demonette	Nf	demonette
74188	abjuratoire	glaff	Adj	glaff
74189	abjurer	demonette	V	demonette
74190	abkhasien	glaff	Adj	glaff
74191	abkhasien	glaff	Nm	glaff
74192	abkhasiienne	dimoc	Adj	dimoc
74193	abkhasiienne	dimoc	Nf	dimoc
74194	abkhaze	glaff	Adj	glaff
74195	abkhaze	glaff	Nf	glaff
74196	abkhaze	glaff	Nm	glaff
74197	abkhazite	dimoc	Nf	dimoc
74198	ablactation	glaff	Nf	glaff
74199	ablafardir	glaff	V	glaff
74200	ablaincourtois	dimoc	Adj	dimoc
74201	ablaincourtois	dimoc	Nm	dimoc
74202	ablaincourtoise	dimoc	Adj	dimoc
74203	ablaincourtoise	dimoc	Nf	dimoc
74204	ablainois	glaff	Adj	glaff
74205	ablainois	glaff	Nm	glaff
74206	ablainoise	dimoc	Adj	dimoc
74207	ablainoise	glaff	Nf	glaff
74208	ablainzevellois	glaff	Adj	glaff
74209	ablainzevellois	glaff	Nf	glaff
74210	ablainzevellois	dimoc	Nm	dimoc
74211	ablainzevelloise	dimoc	Adj	dimoc
74212	ablainzevelloise	glaff	Nf	glaff
74213	ablais	glaff	Nm	glaff
74214	ablaque	glaff	Nf	glaff
74215	ablaquéation	glaff	Nf	glaff
74216	ablatable	glaff	Adj	glaff
74217	ablater	demonette	V	demonette
74218	ablatif	glaff	Adj	glaff
74219	ablatif	glaff	Nm	glaff
74220	ablation	demonette	Nf	demonette
74221	ablatir	glaff	V	glaff
74222	able	glaff	Nm	glaff
74223	abled	glaff	Nm	glaff
74224	ableigeois	glaff	Adj	glaff
74225	ableigeois	glaff	Nm	glaff
74226	ableigeoise	dimoc	Adj	dimoc
74227	ableigeoise	glaff	Nf	glaff
74228	ableret	glaff	Nm	glaff
74229	ablerette	glaff	Nf	glaff
74230	ablet	dimoc	Nm	dimoc
74231	ablette	glaff	Nf	glaff
74232	ablettier	dimoc	Nm	dimoc
74233	ablier	glaff	Nm	glaff
74234	ablisien	glaff	Adj	glaff
74235	ablisien	glaff	Nm	glaff
74236	ablisienne	glaff	Nf	glaff
74237	ablisiienne	dimoc	Adj	dimoc
74238	ablisiienne	dimoc	Nf	dimoc
74239	ablière	dimoc	Nf	dimoc
74240	abloc	glaff	Nm	glaff
74241	ablocage	demonette	Nm	demonette
74242	ablonais	glaff	Adj	glaff
74243	ablonais	glaff	Nm	glaff
74244	ablonaise	dimoc	Adj	dimoc
74245	ablonaise	glaff	Nf	glaff
74246	ablonnais	glaff	Adj	glaff
74247	ablonnais	glaff	Nm	glaff
74248	ablonnaise	dimoc	Adj	dimoc
74249	ablonnaise	glaff	Nf	glaff
74250	abloquer	demonette	V	demonette
74251	abloquir	glaff	V	glaff
74252	abluant	glaff	Adj	glaff
74253	abluer	demonette	V	demonette
74254	ablutien	glaff	Adj	glaff
74255	ablutien	glaff	Nm	glaff
74256	ablutienne	glaff	Nf	glaff
74257	ablutiienne	dimoc	Adj	dimoc
74258	ablutiienne	dimoc	Nf	dimoc
74259	ablution	demonette	Nf	demonette
74260	ablutionner	demonette	V	demonette
74261	ablutophobie	glaff	Nf	glaff
74262	ablégat	glaff	Nm	glaff
74263	ablégation	glaff	Nf	glaff
74264	abléphare	glaff	Nm	glaff
74265	ablépharie	glaff	Nf	glaff
74266	ablépharon	glaff	Nm	glaff
74267	abm	glaff	Nm	glaff
74268	abnégateur	glaff	Nm	glaff
74269	abnégation	glaff	Nf	glaff
74270	abnéguer	glaff	V	glaff
74271	abnégué	glaff	Adj	glaff
74272	abo	glaff	Nm	glaff
74273	abobo	glaff	Nm	glaff
74274	aboi	glaff	Nm	glaff
74275	aboiement	demonette	Nm	demonette
74276	aboiteau	glaff	Nm	glaff
74277	aboituser	glaff	V	glaff
74278	aboivrement	glaff	Nm	glaff
74279	aboler	glaff	V	glaff
74280	aboli	denom	Adj	denom
74281	abolinois	dimoc	Adj	dimoc
74282	abolinois	dimoc	Nm	dimoc
74283	abolinoise	dimoc	Adj	dimoc
74284	abolinoise	dimoc	Nf	dimoc
74285	abolir	demonette	V	demonette
74286	abolissable	glaff	Adj	glaff
74287	abolissement	demonette	Nm	demonette
74288	abolisseur	glaff	Nm	glaff
74289	abolitif	demonette	Adj	demonette
74290	abolition	demonette	Nf	demonette
74291	abolitionisme	glaff	Nm	glaff
74292	abolitioniste	glaff	Adj	glaff
74293	abolitioniste	glaff	Nf	glaff
74294	abolitioniste	glaff	Nm	glaff
74295	abolitionnisme	glaff	Nm	glaff
74296	abolitionniste	glaff	Adj	glaff
74297	abolitionniste	glaff	Nf	glaff
74298	abolitionniste	glaff	Nm	glaff
74299	abolle	glaff	Nm	glaff
74300	aboluir	glaff	V	glaff
74301	abomasum	glaff	Nm	glaff
74302	abominable	glaff	Adj	glaff
74303	abomination	demonette	Nf	demonette
74304	abominer	demonette	V	demonette
74305	aboncourtois	glaff	Adj	glaff
74306	aboncourtois	glaff	Nm	glaff
74307	aboncourtoise	dimoc	Adj	dimoc
74308	aboncourtoise	glaff	Nf	glaff
74309	abondable	glaff	Adj	glaff
74310	abondance	glaff	Nf	glaff
74311	abondance	glaff	Nm	glaff
74312	abondanciel	denom	Adj	denom
74313	abondancien	glaff	Adj	glaff
74314	abondancien	glaff	Nm	glaff
74315	abondancienne	glaff	Nf	glaff
74316	abondancier	glaff	Adj	glaff
74317	abondancier	glaff	Nm	glaff
74318	abondanciienne	dimoc	Adj	dimoc
74319	abondanciienne	dimoc	Nf	dimoc
74320	abondancisme	dimoc	Nm	dimoc
74321	abondanciste	glaff	Adj	glaff
74322	abondanciste	dimoc	Nf	dimoc
74323	abondanciste	dimoc	Nm	dimoc
74324	abondancière	dimoc	Adj	dimoc
74325	abondancière	glaff	Nf	glaff
74326	abondant	glaff	Adj	glaff
74327	abondantais	glaff	Adj	glaff
74328	abondantais	glaff	Nm	glaff
74329	abondantaise	dimoc	Adj	dimoc
74330	abondantaise	glaff	Nf	glaff
74331	abondante	dimoc	Adj	dimoc
74332	abondantiel	denom	Adj	denom
74333	abondantissime	glaff	Adj	glaff
74334	abondement	demonette	Nm	demonette
74335	abonder	demonette	V	demonette
74336	abondeur	glaff	Adj	glaff
74337	abondeur	glaff	Nm	glaff
74338	aboner	glaff	V	glaff
74339	abonnage	demonette	Nm	demonette
74340	abonnataire	dimoc	Adj	dimoc
74341	abonnataire	glaff	Nm	glaff
74342	abonnement	demonette	Nm	demonette
74343	abonner	demonette	V	demonette
74344	abonneur	lexeur	Nm	lexeur
74345	abonnir	demonette	V	demonette
74346	abonnissement	demonette	Nm	demonette
74347	abonné	glaff	Adj	glaff
74348	abonné	glaff	Nm	glaff
74349	abonnée	glaff	Nf	glaff
74350	abonnées	glawi	Nfp	glawi
74351	aboral	glaff	Adj	glaff
74352	abord	glaff	Nm	glaff
74353	abordabiliser	glaff	V	glaff
74354	abordabilité	glaff	Nf	glaff
74355	abordable	glaff	Adj	glaff
74356	abordage	demonette	Nm	demonette
74357	abordement	demonette	Nm	demonette
74358	aborder	demonette	V	demonette
74359	abordeur	demonette	Nm	demonette
74360	abordé	denom	Adj	denom
74361	abori	glaff	Nf	glaff
74362	abori	glaff	Nm	glaff
74363	aboriginalité	glaff	Nf	glaff
74364	aborigène	glaff	Adj	glaff
74365	aborigène	glaff	Nf	glaff
74366	aborigène	glaff	Nm	glaff
74367	aborigénat	dimoc	Nm	dimoc
74368	aborigénité	mordan	Nf	mordan
74369	abornage	demonette	Nm	demonette
74370	abornement	demonette	Nm	demonette
74371	aborner	demonette	V	demonette
74372	abortif	demonette	Adj	demonette
74373	abortion	demonette	Nf	demonette
74374	abosien	glaff	Adj	glaff
74375	abosien	glaff	Nm	glaff
74376	abosienne	glaff	Nf	glaff
74377	abosiienne	dimoc	Adj	dimoc
74378	abosiienne	dimoc	Nf	dimoc
74379	abot	glaff	Nm	glaff
74380	aboteau	glaff	Nm	glaff
74381	aboter	glaff	V	glaff
74382	aboteusir	glaff	V	glaff
74383	abouca	glaff	Nm	glaff
74384	abouchage	demonette	Nm	demonette
74385	abouchement	demonette	Nm	demonette
74386	aboucher	demonette	V	demonette
74387	aboucheur	demonette	Nm	demonette
74388	aboucler	glaff	V	glaff
74389	aboucouchou	glaff	Nm	glaff
74390	aboudabien	glaff	Adj	glaff
74391	aboudabien	glaff	Nm	glaff
74392	aboudabienne	glaff	Nm	glaff
74393	aboudabiienne	dimoc	Adj	dimoc
74394	aboudabiienne	dimoc	Nf	dimoc
74395	aboudhabien	glaff	Adj	glaff
74396	aboudhabien	glaff	Nm	glaff
74397	aboudhabienne	glaff	Nf	glaff
74398	aboudhabiienne	dimoc	Adj	dimoc
74399	aboudhabiienne	dimoc	Nf	dimoc
74400	abouement	glaff	Nm	glaff
74401	abougri	glaff	Adj	glaff
74402	abougrir	demonette	V	demonette
74403	abougrissement	demonette	Nm	demonette
74404	aboukarne	glaff	Nm	glaff
74405	aboukorn	glaff	Nm	glaff
74406	aboulement	glaff	Nm	glaff
74407	abouler	glaff	V	glaff
74408	aboulie	glaff	Nf	glaff
74409	aboulique	glaff	Adj	glaff
74410	aboulir	glaff	V	glaff
74411	abounas	glawi	Nmp	glawi
74412	abouner	glaff	V	glaff
74413	aboung	glaff	Nm	glaff
74414	abouquement	glaff	Nm	glaff
74415	abouquer	glaff	V	glaff
74416	abourner	glaff	V	glaff
74417	abouré	glaff	Nm	glaff
74418	abouser	glaff	V	glaff
74419	about	glaff	Nm	glaff
74420	aboutage	demonette	Nm	demonette
74421	aboutement	demonette	Nm	demonette
74422	abouter	demonette	V	demonette
74423	abouti	glaff	Adj	glaff
74424	aboutir	demonette	V	demonette
74425	aboutissant	glaff	Adj	glaff
74426	aboutissant	glaff	Nm	glaff
74427	aboutissement	demonette	Nm	demonette
74428	aboutitude	mordan	Nf	mordan
74429	aboutonner	glaff	V	glaff
74430	aboutouner	glaff	V	glaff
74431	abouté	glaff	Adj	glaff
74432	aboyable	glaff	Adj	glaff
74433	aboyant	glaff	Adj	glaff
74434	aboyer	demonette	V	demonette
74435	aboyeur	denom	Adj	denom
74436	aboyeur	demonette	Nm	demonette
74437	aboyeuse	demonette	Nf	demonette
74438	aboyeuses	glawi	Nfp	glawi
74439	aboîment	glaff	Nm	glaff
74440	aboûment	glaff	Nm	glaff
74441	abracadabra	glaff	Nm	glaff
74442	abracadabrant	glaff	Adj	glaff
74443	abracadabrante	dimoc	Adj	dimoc
74444	abracadabranterie	mordan	Nf	mordan
74445	abracadabrantesque	glaff	Adj	glaff
74446	abracadabrantesquerie	mordan	Nf	mordan
74447	abracadabrantiser	glaff	V	glaff
74448	abracadabrantisme	glaff	Nm	glaff
74449	abracadabrer	glaff	V	glaff
74450	abracadabresque	glaff	Adj	glaff
74451	abrachie	glaff	Nf	glaff
74452	abrader	glaff	V	glaff
74453	abrahamais	dimoc	Adj	dimoc
74454	abrahamais	dimoc	Nm	dimoc
74455	abrahamaise	dimoc	Adj	dimoc
74456	abrahamaise	dimoc	Nf	dimoc
74457	abrahamien	dimoc	Adj	dimoc
74458	abrahamien	dimoc	Nm	dimoc
74459	abrahamiienne	dimoc	Adj	dimoc
74460	abrahamiienne	dimoc	Nf	dimoc
74461	abrahamique	glaff	Adj	glaff
74462	abrahamiser	glaff	V	glaff
74463	abrahamiste	glaff	Adj	glaff
74464	abramalaire	glaff	Adj	glaff
74465	abrander	glaff	V	glaff
74466	abraquer	glaff	V	glaff
74467	abras	glaff	Nm	glaff
74468	abrasage	demonette	Nm	demonette
74469	abrasement	demonette	Nm	demonette
74470	abraser	demonette	V	demonette
74471	abrasif	demonette	Adj	demonette
74472	abrasif	glaff	Nm	glaff
74473	abrasimètre	glaff	Nm	glaff
74474	abrasimétrie	glaff	Nf	glaff
74475	abrasin	glaff	Nm	glaff
74476	abrasion	demonette	Nf	demonette
74477	abrasivité	glaff	Nf	glaff
74478	abrasser	glaff	V	glaff
74479	abrater	glaff	V	glaff
74480	abraxas	glaff	Nm	glaff
74481	abraysien	glaff	Adj	glaff
74482	abraysien	glaff	Nm	glaff
74483	abraysienne	glaff	Nf	glaff
74484	abraysiienne	dimoc	Adj	dimoc
74485	abraysiienne	dimoc	Nf	dimoc
74486	abrazite	glaff	Nf	glaff
74487	abrelle	glaff	Nf	glaff
74488	abrer	demonette	V	demonette
74489	abreschvillois	glaff	Adj	glaff
74490	abreschvillois	glaff	Nm	glaff
74491	abreschvilloise	dimoc	Adj	dimoc
74492	abreschvilloise	glaff	Nf	glaff
74493	abrestois	glaff	Adj	glaff
74494	abrestois	glaff	Nm	glaff
74495	abrestoise	dimoc	Adj	dimoc
74496	abrestoise	glaff	Nf	glaff
74497	abreuvage	demonette	Nm	demonette
74498	abreuvement	demonette	Nm	demonette
74499	abreuver	demonette	V	demonette
74500	abreuveur	demonette	Nm	demonette
74501	abreuvoir	glaff	Nm	glaff
74502	abreuvé	denom	Adj	denom
74503	abreyer	glaff	V	glaff
74504	abri	glaff	Nm	glaff
74505	abri-sous-roche	glaff	Nm	glaff
74506	abri-vent	glaff	Nm	glaff
74507	abribus	glaff	Nm	glaff
74508	abricot	glaff	Adj	glaff
74509	abricot	glaff	Nm	glaff
74510	abricot-pêche	glaff	Nm	glaff
74511	abricotage	glaff	Nm	glaff
74512	abricoter	glaff	V	glaff
74513	abricoteraie	dimoc	Nf	dimoc
74514	abricotier	glaff	Adj	glaff
74515	abricotier	glaff	Nm	glaff
74516	abricotier-pays	glaff	Nm	glaff
74517	abricotine	glaff	Nf	glaff
74518	abricotière	dimoc	Adj	dimoc
74519	abricotière	glaff	Nf	glaff
74520	abricoté	glaff	Nm	glaff
74521	abrienais	glaff	Adj	glaff
74522	abrienais	glaff	Nm	glaff
74523	abrienaise	dimoc	Adj	dimoc
74524	abrienaise	glaff	Nf	glaff
74525	abrier	glaff	V	glaff
74526	abriessois	glaff	Adj	glaff
74527	abriessois	glaff	Nm	glaff
74528	abriessoise	dimoc	Adj	dimoc
74529	abriessoise	glaff	Nf	glaff
74530	abriller	glaff	V	glaff
74531	abrine	glaff	Nf	glaff
74532	abrisser	glaff	V	glaff
74533	abritant	denom	Adj	denom
74534	abritement	demonette	Nm	demonette
74535	abriter	demonette	V	demonette
74536	abrité	denom	Adj	denom
74537	abrivade	glaff	Nf	glaff
74538	abrivado	glaff	Nf	glaff
74539	abrivados	glawi	Nmp	glawi
74540	abrivent	glaff	Nm	glaff
74541	abriver	glaff	V	glaff
74542	abrogateur	glaff	Adj	glaff
74543	abrogatif	glaff	Adj	glaff
74544	abrogation	demonette	Nf	demonette
74545	abrogatoire	glaff	Adj	glaff
74546	abrogeable	glaff	Adj	glaff
74547	abrogement	glaff	Nm	glaff
74548	abroger	demonette	V	demonette
74549	abrogeur	glaff	Nm	glaff
74550	abrogé	glaff	Adj	glaff
74551	abrolle	glaff	Nm	glaff
74552	abron	glaff	Nm	glaff
74553	abrosaurus	glaff	Nm	glaff
74554	abrotanoïde	glaff	Adj	glaff
74555	abrotanoïde	glaff	Nf	glaff
74556	abrotone	dimoc	Nf	dimoc
74557	abrotonite	dimoc	Nm	dimoc
74558	abrouti	glaff	Adj	glaff
74559	abroutir	demonette	V	demonette
74560	abroutissement	demonette	Nm	demonette
74561	abrunchir	glaff	V	glaff
74562	abrundir	glaff	V	glaff
74563	abrupt	glaff	Adj	glaff
74564	abrupt	glaff	Nm	glaff
74565	abruptesse	mordan	Nf	mordan
74566	abruption	glaff	Nf	glaff
74567	abruptité	mordan	Nf	mordan
74568	abrute	glaff	Adj	glaff
74569	abruti	glaff	Adj	glaff
74570	abruti	glaff	Nm	glaff
74571	abrutie	glaff	Nf	glaff
74572	abrutir	demonette	V	demonette
74573	abrutissant	glaff	Adj	glaff
74574	abrutissement	demonette	Nm	demonette
74575	abrutisseur	glaff	Adj	glaff
74576	abrutisseur	demonette	Nm	demonette
74577	abrutisseuse	glaff	Nf	glaff
74578	abrutisseuses	glawi	Nfp	glawi
74579	abrutissime	glaff	Adj	glaff
74580	abruzzais	glaff	Adj	glaff
74581	abruzzais	glaff	Nm	glaff
74582	abruzzaise	dimoc	Adj	dimoc
74583	abruzzaise	glaff	Nf	glaff
74584	abrègement	demonette	Nm	demonette
74585	abréacteur	demonette	Nm	demonette
74586	abréactif	glaff	Adj	glaff
74587	abréaction	demonette	Nf	demonette
74588	abréagir	glaff	V	glaff
74589	abrégement	demonette	Nm	demonette
74590	abréger	demonette	V	demonette
74591	abrégé	glaff	Adj	glaff
74592	abrégé	glaff	Nm	glaff
74593	abrésien	glaff	Adj	glaff
74594	abrésien	glaff	Nm	glaff
74595	abrésienne	glaff	Nf	glaff
74596	abrésiienne	dimoc	Adj	dimoc
74597	abrésiienne	dimoc	Nf	dimoc
74598	abréviateur	demonette	Nm	demonette
74599	abréviatif	demonette	Adj	demonette
74600	abréviation	demonette	Nf	demonette
74601	abréviativité	glaff	Nf	glaff
74602	abréviatrice	glaff	Nf	glaff
74603	abréviature	glaff	Nf	glaff
74604	abrévier	glaff	V	glaff
74605	abrévié	glaff	Adj	glaff
74606	abréyer	glaff	V	glaff
74607	abrêt	dimoc	Nm	dimoc
74608	abrêtier	dimoc	Nm	dimoc
74609	abs	glaff	Nm	glaff
74610	abs.	glaff	Adj	glaff
74611	absalonien	glaff	Adj	glaff
74612	absaloniienne	dimoc	Adj	dimoc
74613	absalonner	glaff	V	glaff
74614	abscise	glaff	Nf	glaff
74615	abscisse	glaff	Nf	glaff
74616	abscission	glaff	Nf	glaff
74617	absconder	glaff	V	glaff
74618	abscondité	glaff	Nf	glaff
74619	abscondre	glaff	V	glaff
74620	absconnais	glaff	Adj	glaff
74621	absconnais	glaff	Nm	glaff
74622	absconnaise	dimoc	Adj	dimoc
74623	absconnaise	glaff	Nf	glaff
74624	abscons	glaff	Adj	glaff
74625	absconser	glaff	V	glaff
74626	absconserie	mordan	Nf	mordan
74627	abscopal	glaff	Adj	glaff
74628	absence	glaff	Nf	glaff
74629	absent	glaff	Adj	glaff
74630	absent	glaff	Nm	glaff
74631	absentable	glaff	Adj	glaff
74632	absente	dimoc	Adj	dimoc
74633	absente	glaff	Nf	glaff
74634	absentement	demonette	Nm	demonette
74635	absenter	demonette	V	demonette
74636	absentiser	glaff	V	glaff
74637	absentisme	dimoc	Nm	dimoc
74638	absentéisme	glaff	Nm	glaff
74639	absentéiste	glaff	Adj	glaff
74640	absentéiste	dimoc	Nf	dimoc
74641	absentéiste	dimoc	Nm	dimoc
74642	absidal	glaff	Adj	glaff
74643	abside	glaff	Nf	glaff
74644	absidial	glaff	Adj	glaff
74645	absidiole	glaff	Nf	glaff
74646	absien	dimoc	Adj	dimoc
74647	absien	dimoc	Nm	dimoc
74648	absiienne	dimoc	Adj	dimoc
74649	absiienne	dimoc	Nf	dimoc
74650	absinthage	demonette	Nm	demonette
74651	absinthate	dimoc	Nm	dimoc
74652	absinthe	glaff	Adj	glaff
74653	absinthe	glaff	Nf	glaff
74654	absinthe	glaff	Nm	glaff
74655	absinther	demonette	V	demonette
74656	absintheur	demonette	Nm	demonette
74657	absintheuse	demonette	Nf	demonette
74658	absinthier	glaff	Nm	glaff
74659	absinthine	glaff	Nf	glaff
74660	absinthiophilie	glaff	Nf	glaff
74661	absinthique	glaff	Adj	glaff
74662	absinthiser	glaff	V	glaff
74663	absinthisme	glaff	Nm	glaff
74664	absinthé	glaff	Adj	glaff
74665	absolette	dimoc	Nf	dimoc
74666	absolu	glaff	Adj	glaff
74667	absolu	glaff	Nm	glaff
74668	absolue	dimoc	Adj	dimoc
74669	absoluité	glaff	Nf	glaff
74670	absoluterie	mordan	Nf	mordan
74671	absoluteur	glaff	Adj	glaff
74672	absoluteur	demonette	Nm	demonette
74673	absolutif	demonette	Adj	demonette
74674	absolutif	glaff	Nm	glaff
74675	absolution	demonette	Nf	demonette
74676	absolutionnel	denom	Adj	denom
74677	absolutisation	demonette	Nf	demonette
74678	absolutiser	demonette	V	demonette
74679	absolutisme	glaff	Nm	glaff
74680	absolutiste	glaff	Adj	glaff
74681	absolutiste	glaff	Nf	glaff
74682	absolutiste	glaff	Nm	glaff
74683	absolutoire	glaff	Adj	glaff
74684	absolutrice	demonette	Nf	demonette
74685	absolvable	glaff	Adj	glaff
74686	absolvant	denom	Adj	denom
74687	absorbable	glaff	Adj	glaff
74688	absorbance	glaff	Nf	glaff
74689	absorbant	glaff	Adj	glaff
74690	absorbant	glaff	Nm	glaff
74691	absorbat	dimoc	Nm	dimoc
74692	absorbation	demonette	Nf	demonette
74693	absorbement	demonette	Nm	demonette
74694	absorber	demonette	V	demonette
74695	absorbeur	glaff	Adj	glaff
74696	absorbeur	demonette	Nm	demonette
74697	absorbeur-neutralisateur	glaff	Nm	glaff
74698	absorbé	glaff	Adj	glaff
74699	absorptif	demonette	Adj	demonette
74700	absorption	demonette	Nf	demonette
74701	absorptivité	glaff	Nf	glaff
74702	absoudre	demonette	V	demonette
74703	absous	denom	Adj	denom
74704	absoute	denom	Adj	denom
74705	absoute	glaff	Nf	glaff
74706	absteneur	glaff	Nm	glaff
74707	absteneuse	glaff	Nf	glaff
74708	abstenir	demonette	V	demonette
74709	abstention	demonette	Nf	demonette
74710	abstentionnisme	glaff	Nm	glaff
74711	abstentionniste	glaff	Adj	glaff
74712	abstentionniste	glaff	Nf	glaff
74713	abstentionniste	glaff	Nm	glaff
74714	abstentionnite	dimoc	Nf	dimoc
74715	abstenu	denom	Adj	denom
74716	abstergent	glaff	Adj	glaff
74717	abstergent	glaff	Nm	glaff
74718	absterger	demonette	V	demonette
74719	abstersif	demonette	Adj	demonette
74720	abstersion	demonette	Nf	demonette
74721	abstinence	glaff	Nf	glaff
74722	abstinent	glaff	Adj	glaff
74723	abstinent	glaff	Nm	glaff
74724	abstinente	glaff	Nf	glaff
74725	abstract	glaff	Nm	glaff
74726	abstracteur	demonette	Nm	demonette
74727	abstractif	demonette	Adj	demonette
74728	abstractification	glaff	Nf	glaff
74729	abstraction	demonette	Nf	demonette
74730	abstractionnisme	glaff	Nm	glaff
74731	abstractionniste	glaff	Adj	glaff
74732	abstractionniste	glaff	Nf	glaff
74733	abstractionniste	glaff	Nm	glaff
74734	abstractisation	glaff	Nf	glaff
74735	abstractiser	glaff	V	glaff
74736	abstractivité	glaff	Nf	glaff
74737	abstraire	demonette	V	demonette
74738	abstrait	glaff	Adj	glaff
74739	abstrait	glaff	Nm	glaff
74740	abstreindre	glaff	V	glaff
74741	abstrus	glaff	Adj	glaff
74742	abstrusion	glaff	Nf	glaff
74743	abstrusitude	mordan	Nf	mordan
74744	abstrusité	mordan	Nf	mordan
74745	abstème	glaff	Adj	glaff
74746	abstème	glaff	Nf	glaff
74747	abstème	glaff	Nm	glaff
74748	absurde	glaff	Adj	glaff
74749	absurde	glaff	Nm	glaff
74750	absurderie	mordan	Nf	mordan
74751	absurdie	glaff	Nf	glaff
74752	absurdiser	glaff	V	glaff
74753	absurdisme	dimoc	Nm	dimoc
74754	absurdité	glaff	Nf	glaff
74755	absynthe	glaff	Nf	glaff
74756	abua	glaff	Nm	glaff
74757	abugida	glaff	Nm	glaff
74758	abui	glaff	Nm	glaff
74759	abujanais	dimoc	Adj	dimoc
74760	abujanais	dimoc	Nm	dimoc
74761	abujanaise	dimoc	Adj	dimoc
74762	abujanaise	dimoc	Nf	dimoc
74763	abukuma	glaff	Nf	glaff
74764	abun	glaff	Nm	glaff
74765	abuna	glaff	Nm	glaff
74766	abuner	glaff	V	glaff
74767	abung	glaff	Nm	glaff
74768	abure	glaff	Nm	glaff
74769	abus	demonette	Nm	demonette
74770	abusement	demonette	Nm	demonette
74771	abuser	demonette	V	demonette
74772	abuseur	glaff	Nm	glaff
74773	abuseuse	glaff	Nf	glaff
74774	abusif	demonette	Adj	demonette
74775	abusus	glaff	Nm	glaff
74776	abusé	denom	Adj	denom
74777	abuter	glaff	V	glaff
74778	abutilon	glaff	Nm	glaff
74779	abutyrotomofilogène	glaff	Adj	glaff
74780	aby	glaff	Nm	glaff
74781	abymer	glaff	V	glaff
74782	abymien	glaff	Adj	glaff
74783	abymien	glaff	Nm	glaff
74784	abymienne	glaff	Nf	glaff
74785	abymiienne	dimoc	Adj	dimoc
74786	abymiienne	dimoc	Nf	dimoc
74787	abyssal	glaff	Adj	glaff
74788	abyssaliser	glaff	V	glaff
74789	abyssalité	glaff	Nf	glaff
74790	abysse	glaff	Nm	glaff
74791	abyssin	glaff	Adj	glaff
74792	abyssin	glaff	Nm	glaff
74793	abyssine	glaff	Nf	glaff
74794	abyssinien	glaff	Adj	glaff
74795	abyssinien	glaff	Nm	glaff
74796	abyssinienne	glaff	Nf	glaff
74797	abyssiniienne	dimoc	Adj	dimoc
74798	abyssiniienne	dimoc	Nf	dimoc
74799	abyssiniser	glaff	V	glaff
74800	abyssinité	mordan	Nf	mordan
74801	abyssopélagique	glaff	Adj	glaff
74802	abzacais	glaff	Adj	glaff
74803	abzacais	glaff	Nm	glaff
74804	abzacaise	dimoc	Adj	dimoc
74805	abzacaise	glaff	Nf	glaff
74806	abzacois	glaff	Adj	glaff
74807	abzacois	glaff	Nm	glaff
74808	abzacoise	dimoc	Adj	dimoc
74809	abzacoise	glaff	Nf	glaff
74810	abzyme	glaff	Nm	glaff
74811	abâtardi	denom	Adj	denom
74812	abâtardir	demonette	V	demonette
74813	abâtardissable	glaff	Adj	glaff
74814	abâtardissement	demonette	Nm	demonette
74815	abâteler	glaff	V	glaff
74816	abèchement	demonette	Nm	demonette
74817	abé	glaff	Nm	glaff
74818	abéchement	demonette	Nm	demonette
74819	abécher	demonette	V	demonette
74820	abécédaire	glaff	Adj	glaff
74821	abécédaire	glaff	Nm	glaff
74822	abécédéphilie	glaff	Nf	glaff
74823	abée	glaff	Nf	glaff
74824	abéen	dimoc	Adj	dimoc
74825	abéen	dimoc	Nm	dimoc
74826	abéenne	dimoc	Adj	dimoc
74827	abéenne	dimoc	Nf	dimoc
74828	abéion	dimoc	Nm	dimoc
74829	abélianiser	glaff	V	glaff
74830	abélie	glaff	Nf	glaff
74831	abélie	glaff	Nm	glaff
74832	abélien	glaff	Adj	glaff
74833	abélien	glaff	Nm	glaff
74834	abéliienne	dimoc	Adj	dimoc
74835	abélir	glaff	V	glaff
74836	abéliser	glaff	V	glaff
74837	abélisme	glaff	Nm	glaff
74838	abéliste	glaff	Adj	glaff
74839	abéliste	glaff	Nf	glaff
74840	abéliste	glaff	Nm	glaff
74841	abélite	glaff	Nm	glaff
74842	abélites	glawi	Nmp	glawi
74843	abélonien	glaff	Nm	glaff
74844	abéloïte	dimoc	Nf	dimoc
74845	abéloïte	dimoc	Nm	dimoc
74846	abéloïtes	glawi	Nmp	glawi
74847	abénaki	glaff	Adj	glaff
74848	abénaki	glaff	Nm	glaff
74849	abénakie	glaff	Nf	glaff
74850	abénakis	glaff	Adj	glaff
74851	abénakise	glaff	Nf	glaff
74852	abénaqui	glaff	Adj	glaff
74853	abénaquis	glaff	Adj	glaff
74854	abénaquis	glaff	Nm	glaff
74855	abénaquise	glaff	Nf	glaff
74856	abénaquiser	glaff	V	glaff
74857	abénévis	glaff	Nm	glaff
74858	abéquage	demonette	Nm	demonette
74859	abéquer	demonette	V	demonette
74860	abéqueuse	demonette	Nf	demonette
74861	abérier	glaff	V	glaff
74862	abérois	dimoc	Adj	dimoc
74863	abérois	dimoc	Nm	dimoc
74864	abéroise	dimoc	Adj	dimoc
74865	abéroise	dimoc	Nf	dimoc
74866	abêti	denom	Adj	denom
74867	abêtir	demonette	V	demonette
74868	abêtissant	glaff	Adj	glaff
74869	abêtissement	demonette	Nm	demonette
74870	abêtisseur	lexeur	Nm	lexeur
74871	abîmant	glaff	Adj	glaff
74872	abîme	glaff	Nm	glaff
74873	abîmement	demonette	Nm	demonette
74874	abîmer	demonette	V	demonette
74875	abîmé	glaff	Adj	glaff
